positive,was an outrageous over the top action movie, but what else would you expect with that cast
positive,very nice film
positive,good, funny, lots of action, why were people whining about it?
positive,action packed + a mix of humor movies.. i like!!
positive,.....not the best movie but best action i've seen all year!!!.....as in shooting ati karate toh badt
positive, is so much fun to watch, you just know the stars had an absolute riot making the film, story is lacking but who cares! :)
positive,so i hear  hits dvd on nov23. official? don't know, but i hope so. it's killing me waiting for this movie! loved it so much!
positive,, awesome movie!
positive, is probably one the most action packed movies ive ever seen. way better than i thought it was going to be
positive,back form watching, really great movie!
positive,was a great film.
positive,am i the only one that thought was hilarious.
positive,just saw, insane! thought everyone in here is gonna go home and go straight on facebook. this is a cultural revolution!
positive,just back from seeing - excellent.
positive,what an inspiring film!
positive,, very interesting movie- mark is a genius!
positive,very much enjoyed ! even understood some of the nerd speak.
positive,not strictly factual but a great film regardless. glad i went.
positive,wow is a great movie. image becoming a billionaire from a site you started?
positive,great film! had fun night out thai food and cinema, and discovered not too old for knee high socks and mini skirt, bonus!
positive,really good film, also experienced vue gold class for the 1st time - amazing!
positive,great movie. particularly if you are in to social media! fast, gripping and insightful
positive,is a brilliant film, really enjoyed it!
positive,just watched...like it!
positive,is really awesome.
positive,really interesting and funny! life without facebook would be weird!
positive,a must see for all the ! 4 stars.
positive,saw the  today and it was awesome! didn't think it would be but was such a good film
positive,was a solid movie. i just expected too much based on all the positive reviews.
positive,: recommended. much better than actual facebook.
positive, was the best film ive seen in a longgggg time!
positive,i really like , enjoyed watching how an idea could evolve and turn into a huge success ....
positive,just seen . terrific film, recommended.
positive,the  movie is good anyway !!i think you all have to check it guys !! ;)
positive,i watched and i loooove it. great film, really!
positive, satisfied the geek side while also being a damn fine film to boot. only film to mention both wget and victoria secret models
positive,"you know how much i've read about you? nothing." - the  is a must see.
positive,an excellent film.
positive,also my family's getting tired of me saying what a great movie the  is 7 times a day.
positive,recommends you all go and see 'the '
positive,brain crash!!  was amazing. now off to my hometown
positive,i thought was actually very good
positive,saw last night. first scene was the best. the movie was pretty amazing i love sorkin
positive,just watched nice movie.
positive,really liked ; clever to tell the story via the lawsuits
positive,the  was awesome, but it's just made me miss the west wing like woah.
positive,highly recommended.
positive,is actually a good movie..
positive,is truly brilliant: also surprisingly aware of what's happening to society and unexpectedly prescient.
positive,just watched movie in cinema. it's really good! :)
positive,btw, is a must, great movie!
positive, movie was very nice . feel like programming all night now.
positive,yes, i was living under a rock... and.. finally saw the  - a riveting watch!
positive,just finished watching, what a fantastic movie! loved it!
positive, is so good! though jt's looking a little old...
positive,i saw last night.. what a fantastic movie, it took someone like david fincher to make that story so cool
positive, is well worth the watch!
positive, was great.
positive,i now have a strange desire to boycott all ing...well that lasted 2 minutes. loved it!
positive, was a great movie
positive,was definitely worth watching.
positive,is the movie to watch... enjoyed every second
positive,was much better than i expected.  actually pretty ace.
positive,its a great movie why didn't i see it sooner...well at least i did. :)
positive, :) 
positive,best movie ever
positive, is a good movie to watch...apparently the book is even better.
positive,is a movie look like a vacation & what a great vacation! (: u must see it actroversyamo (:
positive,it was awesome for the most bit ... cant believe it got bad reviews... anyways except for emotional extravaganza..
positive,it was niiiice.
positive,nice nice. sweet!:)
positive,done.. :)
positive,is a recommended film to watch, because this movie is really suitable for the people who seek meaning in life....
positive,great girly movie:)
positive,awesome movie :-)
positive,pretty good.
positive, was an awesome film.
positive,great movie. that would be an amazing journey i'd love to take one day
positive, was pretty good.. i give it 4stars
positive,just went to see  thought it was a good movie made me jump and i'm use to scary movies
positive, deff worth going to see even if some bits did make me feel sick lol
positive,been to see saw 7 / . its really the end this time, apparently. was better than expected.
positive,finally saw  smart move over all. not  much 3d really.but story line is great.glad i watched them all again before seeing this one
positive, was fuckin nuts! my belly is doin a madness afta seeing all dis gruesome stuff
positive,loved ! not for the weak hearted though....an awesome ending to an awesome story nonetheless....
positive, was the shit. love.
positive,just went to see-saw (3d). it's wasn't what you'd call pleasant, but damn if those aren't some inventive films!
positive,just got back from seeing . it's alright... was good but nothing beats the one before or the first one. pathetic actors at start tho!
positive, was aweesome
positive, rocks!  if like me you love blood guts and gore - go see this film.
positive,hi all! had an interesting day! went and saw ! very gory i must say!
positive,just finished watching ...good movie...poor chester
positive,just watched  and really enjoyed it, 3d worked very well (not over used) and the series was ended well all wrapped up niceley
positive,saw vii 3d you did not disappoint < cant spell, but what a great ending :)
positive,. . good stuff. . enjoyed it :-)
positive, was fuckin crazy though =/
positive, worth 12 bucks? hell yea...probably one of the most fucked up twists i've ever seen. will i miss flying intestines? hell yea. g night
positive,well  was awesome, albeit very predictable to a saw fan, and i still refuse to buy into the 3d gimmick.
positive, was amazing! day without lectures tomorrow = epic win.
positive, was awesome!!
positive, it was a good movie. good plots.
positive,just been to watch , quite good although the 3d was not needed at all! just wrecks your eyes!
positive,wow im surpised.  was actually good.
positive,it's so fuckin amazing. i can't wait to watch the final chapter,
positive,i had the time of my life toniiiiiiiiiight!:d was probably the highlight of my night:p so good:l
positive,seeing  for the second time. awesome.
positive,woooow, i actually enjoyed , amaaazing movie
positive,oooo  excited.. much!! i love abit of gore
positive,i flinched back in my seat countless times-so realistic! what an outstanding twist at the end-didn't
positive,"" was outstanding!! 3d made it so much better-all that blood and body parts flying out of the screen right at you!!!
positive,oh yeah... was that shit!!!. i enjoyed it!!!.
positive,had so much funn  was nastyyy
positive,just finished watching  , wow its the best saw , very weird but yet cool , that's hot ;)
positive,just watched , it was awesomee ! and scary !
positive, is pure disturbed....saying that i'd recommend it to everyone,over the age of 18 obviously
positive, was so much better than i expected. so fucking awesome, i'll be seeing it again & again!!!!!
positive, was surprisingly good....
positive,today i go to c  movie its very funny i laugh very much
positive,i really enjoyed enjoyed ...bummed there aren't better toys for it.
positive,that was from  (my current favorite movie). if you have not seen it......run don't walk...and go see it
positive, was a fun movie!
positive,who has seen ?!?! its so funny!!
positive, was awesome!!!
positive, is awesome :d
positive,what? i just saw . its fantastic.
positive,ollo!  is awesome.
positive,went to see  yesterday. the. best. animated. movie. ever!!! the graphics were great.the story was wonderfully written & acted!
positive,saw  today, awesome movie!!!!!
positive,was very good.
positive,just finished watching  in 3d. good movie, with a lot of laughs. 3d not worth it though.
positive,took the kids to see  last night.  they said it was ginormously awesome.  i liked it too.
positive, movie was too cute
positive, was quite awesooooooomeee
positive,, 3/5. it actually has a quite smart plot & good twists but the jokes are a bit stale.. still it's a fun movie to watch on theatre!
positive, , you made me feel like watching again .
positive,awesome and very funny haha
positive, is nice! and funny!
positive,what a cool movie.i love ,really.even he's bald and just an animation hahhaha
positive,just watched  last night.  best kid movie ever! i think i'm in love with the blue bad guy;)
positive,hell yeah, is fuckin great movie
positive, was awesome!!!!!!!!!
positive,chilling with sk...  was good... enjoyed it tons...
positive,after watched . it was such a great hilarious film! :-)
positive,is awesome :d
positive,ok, so  is cool and funny. really worth it ang pagnood. :d
positive, is damn fun xd
positive, was totaly funny!!
positive,just watch . ^_^ it was a cool movie!! ^_^ it was so funny! :)
positive,mer. havent tweeted much tonight. been to the cinema to see !! it was awesome :d
positive,i love  so much. think i'm gonna watch it again.
positive, was some scary ass shit! loved it!
positive,i know i say this a lot, but  really fucked me up!! the power went out and my heart started racing!!
positive,sat through  by myself and loved every terrifying minute of it!
positive,was extremely bs!!! -_-" now i'm gonna watch for the 4th time. ha i frickin' love this movie!
positive,was amazing !! i'm afraid .. but is a good movie..  !! xo !!
positive,whoever hasn't seen  should deff go see it. it's worth watching :)
positive, amazing. i really really enjoyed it. great stuff. jumped outta my skin a few times.
positive, was awesome!!!!
positive,so  was actually quite good!
positive,verdict on .... very good, well worth watching.
positive,, is a really good movie :)
positive,! is awesome so far!
positive,just watched ..amazing one!! waiting for the second part (:
positive, part one... was amazing!!
positive,i'm most definitely thankful to have finally seen . fantastic. :)
positive,today,  is very fun!!! and i love it!!! ;-) good night and sweet dreams!!!
positive, (& 1/2) absolutely brilliant!
positive, amazing! wow ending can't wait 4 the climax! twill b the end of an era! what will one do!
positive,amazing film, one of my faves of the 7 i think! :)
positive,just got home! saw  in imax! it was amazing!
positive,whoa!  literally took my breath away countless times! so well made, so intriguing! but they shouldn't have made the elf die :(
positive,wow!   was incredible! seriously! wow! :d
positive,omg!!! did u see ??? it was ah-mazing!!!! i still love the book better, but the movie was gr8t!!!
positive,.1. best movie ever. that's just how i feel now tho. lol. but serzly, that film kicked ass. great acting, great set pieces.
positive, was amazing!:) can't wait for :d
positive,was insane!!! best oneo ut of the 7 for sure!!!
positive,oh my goodness!   was amazing! can't wait for  now!
positive,  was amazing! such a good film... so mean that we gotta wait til july 2011 for . love love loved it! :)
positive,okay. i saw . it's amazing. it's art. art.
positive,home.  is definitely amazing. doby love <3
positive, awesome , dobby made me cry :( i hate bellatrix , i love my cousins <3
positive,just saw  with m'lady. it was a very awesome movie.
positive,.1 was awesome, 
positive, was pretty fucking amazing.
positive,i love harry potter.so,this weekend i will see it again.it is the second time for 7-1.with different people.
positive, is my favorite book/movie. wow, amazing.
positive, is one of the best movie in this year... :-)
positive,  was fuckin awesome. rupes is hot.
positive,today i saw . i really loved it :)
positive,home atlast! :)  is brilliantly epic!! best of the series! i had a magical day today! :) goodnight tweeps!!
positive,just come back from watching  ....n it's was so fascinating.....i cant wait for the
positive,seen ! ammmmazing film best so far!
positive, was fabulous. it ended at a perfect spot i thought. *thumbs up*
positive,really enjoyed
positive,  is by far the best so far! it flowed so nicely & had you at the edge of your seat the whole time! peter & i loved it
positive,everyone must see the new # film it is amazing
positive,  is by far the best movie adaptation of harry potter book so far!really hoping the  will overtook this movie! :d
positive, that movie was awesome !
positive,was awesome!! can't wait for the next, final sequence of hp movies! :-)
positive,.1 was amazing!!!
positive,  is awesome!! can't wait for   :d
positive, was mad awesome. i seriously don't mind watching it again. it's so exciting, no one can sleep half way. (:
positive,, great film! worth a watch.
positive,was a good movie!check it out!
positive,# is some damn good entertainment. a slick, big budget b-movie, that aims to be nothing more than that. i thoroughly enjoyed it.
positive,just seen '' brilliant movie! kept me on the edge of my seat throughout the film.
positive,actual review of : both trains were fucking awesome
positive, is an awesome film! dk recommendation stamped!
positive, was a great movie (:
positive,just saw "", it was brilliant!
positive, is an amazing movie.
positive,just saw !! :) really great movie...and great company too.
positive, was a sweet movie. don't read the reviews, just see it.
positive,if you get a chance, go see . i saw it last night and i'm still thinking about how much i enjoyed it.
positive, was one of the best movies i've seen in a while. a definite favorite.
positive,don't miss "" starring #russellcrowe ... it's amazing... been a long tine since i watched a good movie like that :)))
positive, was great. very suspenseful. go see it, you won't be disappointed.
positive, was pretty intense- but it was awesome!!
positive,just finished watching . ended up being a really decent movie.
positive,i would highly recommend watching 
positive,wow! the movie " " was so good actually, i loved it
positive, is rlly a must see though
positive, was an amazing movie. i loved it.
positive, was the best most romantic movie<3
positive,i love the movie "" its the best movie ever! so funny and so sweet.
positive,aggghhh i just love it.
positive, was super cute!!
positive,# is one of the best movies i've ever seen! i love it sooooo much(:
positive,just saw . it looks amazing throughout. loved the character designs and overall art style! felt like traditional animation!
positive,#jpmm i went and saw  last weekend and it was awesome, there were sad and funny parts and i recomend everyone to go see it
positive,# is so awesome, i love this ?
positive,# was a brilliant film. i loved it! i want to see it again. and again. and again. and again and again and again. and again. c:
positive,:  i went in with zero expectations of disney's 50th feature but undisney-like twists made it impossible to forget.  9/10
positive,i loved . it's the closest anyone's come to the classic disney style of storytelling in years.
positive,# was so incredibly cute! lovely modern princess story. awesome day with my little girl :)
positive,"" is the best 3d movie i've seen yet, so funny, the horse is epic, go see it if u haven't yet
positive,took the grandkids to see disney's new movie "." it's a great movie! kids and adults will like it.
positive,# was incredible!  an entire animation team just for her hair....wow.
positive,hey disney, gues you've got yourself a new classic! loved. loved it.
positive, is amazing :)) goo see it tweet peeps!
positive, was beyond brilliant. spectacular.
positive,hey guys and gals, if you got time u have to see ! it was really good and i enjoyed it so much... drag ur girlfriend or honey!
positive, was awesome.  is awesome.  had to start downloading the songs so i can dance all the way to work...
positive, was amazing! loved it. total girlie movie - singing, dancing, eyecandy, guy gets girl, fab costumes and makeup...total swoon
positive, was awesome today!!!
positive,just got home from , it was actually really good.  i wish i could dance!
positive,everyone must see ! such an amazing movie
positive, was awesome! can't wait for it to come out on dvd!
positive, was awesome!
positive,do yourself a favor: see "." a beautify strange and entertaining film. uniquely stylized, and well told. *****
positive,okay so i didn't wanna see  but it was one of the best movies i seen in a long time. shout out to the writers...great story
positive,it was some good ass kickin in that shit!
positive,that movie was hellawesome! ya'll should see it.
positive,good morning world watched  last night good movie i almos cried at the end but i liked it
positive,was fucking awesome. great great great movie. gotta watch it again!
positive,surprise of the night: "" was a really good movie!
positive,watched  last nite. wayyyy awesome!
positive, is totally awesome! i know you won't see it, but you should!
positive,if you want to watch a great movie, catch ...it's visually awesome and just different. i like!
positive, was an awesome movie! it was funny and has good actions! love it!
positive,ok so  made me cry! it was adorable.
positive,i checked out  last night. it was pretty good.
positive, is such a great movie.
positive,"" was a really good movie!
positive, was super good! yup, just said super.
positive, was an amazing movie!
positive,just saw  loved it ! totally awesome
positive, = greaaatt movie.
positive,really enjoyed ! what a non-traditional, but really moving love story!
positive, might be my new favorite movie
positive,fyi  is hilariously good
positive, is such a cute movie!!
positive, was sooooo good! made me realize how strong love is and how deep it runs.
positive,# is awesome.
positive,me and my girlfriend saw  two nights ago it was good...
positive,amazing movie . a must see
positive,"" was really good!!!!
positive,if you havnt watched "" go watch it now, its damn funny... love it
positive,the movie  is really funny and entertaining.
positive, gotta be one of the freshest movie i've had in weeks! hilarious!
positive, is such a funny film omg!
positive,- fucking awesome movie.
positive,i wanna see  again. that mess was the funniest movie i seen in a while
positive,haven't seen a movie as funny as  in a long time
positive, was very funny. do approve.
positive, movie was fucking hilarious lol. me strongly recommend here!
positive,go see the movie " " it is by far the funniest movie you will ever see!!!
positive, - what a great movie! 4 stars...
positive,everybody go and watch . you will not be disappointed
positive, was hilarious but kinda weird but i love it :)
positive,just finished watching movie,  was hilarious!
positive, is the funniest shit ever
positive, was farking hilarious! love love love
positive,••  •• it the most amazing movie i had ever seen. two beautiful actors and top talented ! u all should check it.
positive,just watched  i looved the movie!!! it was hilarious.. josh duhamel was amazing!!
positive,watching  ! funny movie :p
positive,so last night i end up watching "", so funny! i love katherine heigl! the baby was sooo cute!
positive, is a really good movie!
positive, was the best movie ever
positive, best movie hands down!!! everyone must go see it
positive,by the way...i thoroughly enjoyed  and it is highly recommended...and yes i just saw it last week lol
positive,wow....if u haven't seen  i recommendd it asap.
positive, is a great movie ;)
positive, was awesome!
positive, is a great movie foreal
positive, is such a cute movie :) loved it! (yeah, i just saw it so what)
positive,i just wish to express my love of , again. favorite movie.
positive, was an awesome movie!
positive, was such a cute movie! ahaha xd
positive,i love so much the movie :)
positive,btw,  is awesome! 8/10
positive, was an amazing movie. worth torrenting.
positive,just watched  for the 29387th time! and still laughed like when i did on the first time.... i love you agnes! :p
positive, funny movie
positive, it is so funny.
positive, is so darn funny
positive, is one of the best movies ever!!
positive,heheh. i love this movie. :)
positive,bout to watch ... haha... love this movie..
positive,back :) omgg  is the cutest moviieee eveerr!!
positive, has got to be my fav movie of all ;)
positive, is such a sweet movie..
positive, it's very nice... :d
positive,if you haven't seen it already ... go and watch  - utterly fantastic :) 3.5/5 #lol #moviereview
positive, is the cutest movie i have ever seen! ahhh so happy
positive,watched . i have to say it was a really nice animation and had it's fair share of funny moments
positive,is currently watching .. lol very cute and funny movie!!
positive,watching  omggg its so cute^^
positive, was so cute and hilarious!
positive, is such a cute movie. it got me awh-ing! hehe lol. ten thumbs up! heheh
positive, is amazingly good!
positive,just watched "" +_+ what a great and lovely movie <3 =)!
positive,i'm excited for  to come out in like a week! best. movie. ever.
positive,just watched  last night. and it really touched my heart. :) thanks to my girl candy medina for the download=)
positive,it's so fluffy!!!!! love this movie lol oh !
positive,i just watched  for the first time. that movie is pretty amazing. lol
positive,i just watched "" for the first time. what a lovely movie. it even made me cry =)
positive,awwwwwww  was a really nice movie... happy endings are the best!!!
positive,watching  :).. i love this movie.. soo cute!
positive,just finished watching ""! what a good movie! :d
positive, is such a cute movie.
positive,my all time favorite movie is ""!!!!freaken hilarious!b!!
positive, is proper funny!!! looolz who ever made this film has a proper good sense of humor!
positive,wow!  is really a fun and entertaining movie :d loved it
positive,"its so fluffy im gonna dieee!" >.< aah just watched , epic stuff xd
positive,love it! it's so fluffy!!
positive, is e best movie iv watched in a while!!
positive, was awesome!
positive,i'm going to buy the movie # (: i love it !!!!!!!!!!!!
positive,i loved  it was funny movie!lol
positive,just saw . it's a great movie.
positive, was such a good film.
positive, was a pretty good movie.
positive, was far better than i expected! def worth watching ?
positive,ok so i just watched . i'd rate it 8/10 amazing film!
positive,just saw  ... quite nice ;)
positive, movie was just great:)
positive,watched , awesome movie.
positive, is so so soooooo good,
positive,date night with . brilliant movie. everyone should see it.. on that note, nighty night twarlings. i'm in bed already. *yawn*
positive, : great movie !!
positive,watched  very  light movie :d 
positive,turned out to be outstanding... i suggest it as a movie, definitely.
positive,! great film, great twist ;)
positive, is amazing. what a twist.
positive,the film  is amazing! just saw it :)
positive, is amazing!
positive,on another note,  was a pretty good movie too! wasnt expecting that end!!
positive, is great! definitely recommend going to see it. gb latte in starbucks is a good follow up. now to shop or not to shop?
positive, is a stunning movie.
positive, was amazing! we had a great time at the screening last night. thank you tower theater.
positive,if you haven't seen  yet, go see it!  it will be in wide release this weekend, and is amazing!  (in my opinion, of course)
positive,is by far the best movie i've seen this year.
positive,no words for  movie...shit was trippy!
positive, was pretty damn amazing. love and love.
positive, is dark, intense, incredible, and one of the best movies i've seen in a long time!
positive,wow  is intense!! brilliant and tortured, uncomfortable and beautiful all in one.
positive,just saw "." it's a fantastic film about obsession to be perfect.  check it out!
positive,...i feel pretty fucked right now. brilliant.
positive,was amazing! great acting and directing!
positive, is amazing. so. fucking. amazing.
positive, just blew my brain to fucking pieces.
positive,damn,  is amazing. go watch it now twitter people.
positive,seriously...it was the best 11 bucks by far that i have ever spent...if anyone has not seen ""...you should please go see it...
positive,just walked out of the theater after . that was the most breathtaking film i've seen in, well, i can't remember how long. just wow
positive, ... god. damn.
positive,keep thinking how amazingly well done  was. wow.
positive,i love the movie so much that i will repeat myself..."" was spectacularly amazing...i mean seriously? wow!  my all time fav.......
positive,holy shit,  is fan-fucking-tastic
positive,i just saw the . and it was amazing.
positive,everyone...i have a new all time favorite movie...and i have loved a lot of wonderful movies...i gotta say that "" is spectacular
positive,omg!!  a part of me was just ripped apart and gutted. wow, i am so grateful and humbled i got to witness ""
positive,i'm still thinking about "" this morning. that's the sign of a great film!
positive, is the greatest movie i've ever seen. for real.
positive, was awesome. jeff bridges is always good so no surprise there. however i was quite impressed with hailee steinfeld.
positive, may be the best movie i've seen.
positive, was really good--much better than the first one.
positive,fucking loved ! coen brothers are legends!
positive,"" was awesome. deakins did a kick-ass dp job. it was surprisingly touching & funny. not as violent as i feared. great acting. a++
positive,? fantastic! it lives up to the original, in my opinion, and then some. the coen brothers don't disappoint. see this
positive,. five out if five. if you like westerns. go see it. if you don't. go see it. you will love it...
positive, was a good ass movie
positive, magnificent and flawless. beautifully crafted with stunning performances. a truly great film. grade a+
positive,just finished watching ! what an amazing movie -- superor in every way to the original and saying that about a movie is hard to ...
positive,whoa.  was awesome. actually, awesome isn't even a good enough word, in my opinion.
positive,! sooooo excited
positive,stop what you are doing. get on the internet, find out when  is coming to your local picture house, and make plans to go see it.
positive, was definitely good as fuck
positive,oh man,  owned.
positive,so  is a must see movie.
positive, is fantastic.  a true old school western.
positive,. see it. yes i'm serious.
positive,the dude abides.
positive,. loved it. great cast, great dialogue. another coen brothers masterpiece.
positive, was freaking awesome
positive, gets an a+.
positive,thoroughly enjoyed cohen's true grit adaptation. jeff bridges never ceases to amaze
positive,go see true grit. worth every penny.
positive,just saw true grit on a lunch date with my wife. good movie!
positive,came up to anderson to get some brunch and catch true grit with dad and grandad today. damn good times. the cohen's and cast were great.
positive,saw 'true grit.' loved it. great script, surprisingly homorous. jeff bridges is terrific + youngster hailee steinfeld deserves an oscar nom.
positive,"true grit" thankfully didn't let me down.good movie.
positive,true grit = great movie
positive,all right true grit, amaze me.
positive,"true grit" = amazing, amazing movie. i insist that you go see it immediately.
positive, is actually funny. :-)
positive,just back from seeing . good flick to see when you are looking for something fun & don't have to think too much!
positive,just seen  legacy...awesome film, there are a few things that they've thrown in from the original film too. again awesome film
positive,the movie  was really good, go see it!
positive,i'm sitting in  and i've seen it like four times, but it's still amazing.
positive,saw the movie  
positive,best movie ever
positive,loved the music
positive,just returned from watching # - well worth the wait. fantastic.
positive,going to go see  legacy again this week, but this time in 3d.  whoever hasn't seen it yet, should. trust me, that movie is worth it. :)
positive,wow,  legacy is brilliant!
positive,: legacy was excellent! :) well worth watching!
positive,very much enjoyed  legacy despite the lack of meaningful plot. def a film worth going to the imax for too.
positive,just went back from cinema.  is without a doubt one of the best 3d films i've ever seen. i want to go and see it again.
positive, = my new favourite film
positive,the  was a hilarious movie....damn
positive, - loved that movie, laughed the entire time, great, make that fabulous cast.
positive,just came back home from watching .. so funny!! love it
positive,the  was funny!
positive, was pretty goood
positive,thought  was good :d
positive,went and saw the movie , it was pretty alrighttttt.
positive,have to say i enjoyed '' immensly!! xx
positive, was awesomeeeeeee! :)
positive,went to see  today, was actually an enjoyable movie!
positive,just home from the cinema! '' is such a good film, so funny
positive,meet the  is fucking hilarious!
positive, is a must see. the best film ive seen in ages!
positive,. phenomenal. phenomenal. loved every single bit of it. predictably, i cried.
positive, is the first great movie of the year.
positive, was a great film that amputation scene was graphical. one of the best films i've seen in a while
positive,definitely recommends watching the film ''! a true story! in a good mood even with a 9am start tmz :d goodnyt world :)
positive,just back from . it was actually really good!
positive,just seen - pretty awesome.
positive,just watched , that film is epic, and intense, and emotional.
positive, - amazing story fantastic film
positive, was amazing.
positive, - enthralling. best 241 i ever spent. film of the year (so far).
positive,[] well worth a watch. liked the music, performance, blood, editing and ending. could have skipped a hallucination or two though.
positive, is seriously amazing
positive, was really good. emotional, inspiring etc etc...
positive,just to say  best film of 2011? i think so
positive, is a fucking fantastic film, and yes, yes i did cry.
positive, was extremely intense but amazing, go see it if you haven't already
positive, was really, really good! touching, not too long & superb acting.
positive, was a great way to start 2011 in the cinema, intense and gripping. must-see!!!...
positive, has fucking wiped me out, an emotional drainer. go see it.
positive,.. what an amazing movie!
positive, was amazing. such a desperate but inspiring film and story.
positive, was pretty darn cool :)
positive, is awesome, it will be the best film i'll see all year.
positive, was so so good. a very uplifting film. i have learned sometimes you need other people.
positive, was absolutely amazing! what a terrific story & it had me on the edge of my seat. i need to get that soundtrack!
positive,everyone has to see . seriously.
positive,i don't think jeff and i have ever been simultaneously blown away.  was out-fucking-standing. absolutely godsmacked.
positive,wow, #, pretty amazing, worth a watch for sure.
positive,just been to see . absolutely amazing film and an incredible story. i highly recommend you all watch it!
positive,is amazing and visually stunning :-)
positive,woah!  was amazing, so so good!! defo go see itttt
positive,i can't find words to find how amazing  is. i can't get over how good it is.
positive, was immense!! loved every second of it...apart from the arm cutting. it was so beautifully filmed.
positive,: pretty damn good!
positive, is rather excellent
positive, was an amazing film ever
positive,recommends everyone to go and watching , it is amazing
positive,...fantastic!
positive, the most amazing film.
positive,just watched . brilliant! is incredible.
positive,wow , who knew a film about a man and a rock could be so intense. well worth seeing.
positive, is crazy! truly original, throughly enjoyed.
positive, was truly outstanding. brilliant acting.
positive,saw  and it was harrowing, beautiful and just generally brilliant
positive,go and see  - it's fecking brilliant.
positive, movie was actually a great & funny movie :) & my son just said: "dad, i love u" best feeling in the world
positive, was a cute movie. i enjoyed it!
positive, is the cutest movie in the world
positive,blue thumbs up! oh how i love  :)
positive, movie was amazing! so freakin funny!!!
positive, are sooooooooo cute :)
positive,%*sweetface*%
positive, was so cute i recomend it to every-onr who would wanna c a adorable movie
positive,the movie  is pretty good and funny !!!
positive,ohmygosh just saw  movie trailer. love it!!!
positive,i saw  yesterday, im seeing it again today! thats how good it is! #katyperry #neilpatrickharris
positive, the movie... hilarious! xd its actually not what i call a kiddy movie. thats why its pg..
positive, was actually really funny!
positive,just saw # ! freakin hilarious!!!!!
positive, is officially my favorite movie everrrrr!(:
positive, was funny as shit , #nw kevin hart - "i'm a grown little man" w/ my mom
positive,#nw  funny shit!
positive, is by far the funniest movie ever(:(:(:
positive, was a hilarious movie. i recommend watching it. :-)
positive,had a good day.  is actually very funny for a kids film! ?
positive,the  was so funny! what an awesome film!!
positive,....its simply superb.....the way they made animals to involve....worked out very well..fun watching it :-d
positive, is so killer,its a must watch movie
positive,just came from seeing . awesomely funny :)
positive,watching  this movie is pretty funny.. it's ah must see movie
positive,just saw  with jake.. it was so cute & funny. ?????
positive,the  was a great movie didn't stop laughing
positive,actually enjoyed a john favreau movie,  is a intriguing fresh film.
positive,just saw , it was amazing. go see it
positive,apart from a few cliche scenes  is good stuff.
positive,pretty satisfied by 
positive,i saw  last night. epic!
positive,saw cowboys ane aliens last night with my tweeteheart brett:) its a really good movie. enjoyed it lots.
positive, was so good. and it was a great movie for olivia wilde.  very well done :)
positive, was a good movie .
positive,=awesome
positive,'' gets a 93% rating from yours truly.
positive, was everything i had hoped for and more. great movie.
positive,cowboys vs. aliens is a good movie. daniel craig makes it a great movie. his ass makes it a spectacular movie.
positive,wow, #cowboys&aliens looks really good! so far so good :)
positive,well, i certainly can't complain about . everything promised was delivered. i had a grand ol' time.
positive,just saw , it was soo good.
positive, was greaaaat. *thumbs up*
positive,so  was pretty good
positive,so cowboys&aliens is a must see movie! it was crazy! :)
positive,just saw .  better than i thought it'd be.
positive, the movie. much better than i thought it would be. rating b+  see it and enjoy.
positive, just killed it. just a really really enjoyable movie. harrison ford is one of my favorite actors and daniel craig is  ...
positive,: also better than the movie i thought i was going to get and this from a guy never a fan of westerns.
positive, is a pretty damn good piece of cinema
positive, is a great movie.  #morethaniexpected
positive, was awesome, with a lot of casting surprises that i loved. fantastic music, too. also: pretty.
positive,... loved it!!!
positive, was such a great movie
positive,. not the best script but good acting and real entertaining.
positive,saw  this morning.  enjoyed it.  good story and effects.  my son has been playing unreal since we got home. :)
positive, surprised me. really enjoyed it.
positive,i have to say,  was awesome!!! seriously!!!
positive,just back from the  which i thoroughly enjoyed. ryan gosling is great as hal jordan!
positive, was an awesome movie! ryan reynolds is so motha firetruckin' hot!!! :d
positive,i finished  it's super amazing
positive,just finished watching . pretty cool movie.
positive,went to  today. it was such a fun movie! i wanna watch it again. cory monteith is so cute.
positive,ended up watching . great movie :) like it!
positive,i was at the movies tonight. lol ive watched . such an amazing moviee <3
positive,i watch  ...funny movie! :)
positive,just saw , it was amazing!!!
positive,just finished watching;  w my niece :-) i actually thoroughly enjoyed it! i can watch films that star gomez in them all day. lol.
positive,just saw .  such an amazing movie. :) if you haven't watched it yet, do it!
positive,seems like  is a cool movie :)
positive, was amazing!! :">
positive,just saw . this movie is so fuckin awesome, really loved it (:
positive,i love the film ! ?   good job selena!
positive,i watch the movie ""!! for the first time and is simply wonderful :)
positive,watching  for third time!!! it is still amazing.
positive,watched  last night. such a nice movie! :)
positive,just watched . what a great movie ever \?/
positive, was such a cute movie! :d
positive,just finished watching "". awesome movie! :) for me, it's the best out of all the movies i've seen recently. seriously, watch it
positive,watched  last night, and it's really cuteee! :)
positive,great movie = ! a definite must see!
positive, was such a good film.  and  in one movie. nothing better!
positive, is a must watch...an easy movie with nice scripts :)
positive, was nice :) its an 'easy' movie to watch. great for a saturday
positive, was an #excellent movie! makes me #appreciate my #college degree so much more!
positive, is such a lovely film and i'm only 40mins in!! surprisingly funny too!
positive, is a pretty good movie, its oddly funny ha!
positive, it's a great movie! highly recommended! :)
positive,went to  today! such a nice movie! sweet, hilarious and lovely! grate cast! a must see! :d
positive, was a hilarious movie. :d
positive,just watched .. what a funny movie.. :)
positive, movie was surprisingly entertaining xd
positive,just saw  starring  & . i feel good. what a film. turned my day around :)
positive,lmfao !!!!!  ( the movie ) funny as hell.
positive,if i was single id loveee to have a story lik "" movie happeneedd!! they had soo much fun and shit!
positive,i aaabsolutely loved the movie "" ... i highly reccommend it. it was hilarious
positive, , a movie you gotta watch !!!
positive,"" ftw ....such a cute movie....
positive,awwwwwwwwwww,  is just  a really adorable film, i love it.
positive,i want to watch  again. that was a great movie.
positive, defiantly one of my new favorite movies :) it was amazingg
positive, is such a touching movie.. in a crazy 'sexual-sweet' kinda way :')
positive,watching  online the movie is so cute and hot it's the best romatic comedy i've seen in the past couple of years
positive,i ? . great movie.
positive, was the cutest fucking movie #ilyjustin
positive,just saw '' with ryan reynolds & jason bateman.  hilarious!!  so funny. thanks for the quality comedy entertainment.
positive, was hysterical!!!! would totally go see it again!
positive,ahah  was hellah funny :p
positive,just saw and laughed my butt off probably the funniest movie i've seen
positive, could potentially be my new fav movie... #toomanylols #marrymeryanreynolds
positive, completely exceeded my expectations!!! such a funny movie!
positive,saw the movie on saturday and i highly recommend, it was freaking hilarious!
positive, was funny as crap
positive,"" is a funny movie that has some very poignant points. definitely worth watching.
positive,can't stop thinking about how amazing  was, i wanna see it again and again and again
positive, is the cutest movie ive ever seen!
positive,and by the way,  was a good movie; definitely funny
positive, was the best movie i've seen all summer
positive,back from .  well done, somewhat predictable, with really good performances, especially by all of the men.  2 thumbs up.
positive,. is the fckn best!!
positive, was so sweet, loved it
positive, was the best movie ever soo cutee.
positive, has to be the cuttest movie created !
positive, is actually a good movie, i recommend it :p
positive,i can't stop thinking about how much i loved .
positive,new favourite movie:  <3
positive,i watched "" new favorite movieee <3 that movie is badass (;
positive, was awesome. so awesome, in fact, that i cut my face in surprise at one point. that's pretty awesome, folks.
positive, = best movie i've seen in a long time
positive,saw  yesterday! i loved it! can't wait til it comes out on dvd...
positive, is by far the funniest movie i've seen all year #worththemoney
positive, is a great movie, gripping and shocking... well worth a watch..!
positive,just saw devil's double. possibly the best film i have seen this year so far! and dominic cooper deserves that gold man for the performance.
positive,another good one to watch! - 
positive,oooh i seen this movie called  ...i loved it!! dope! i recommend a go see
positive,just saw . fucking disturbing and a great movie. everyone should go watch.
positive,amazed by the performance in 
positive, is an amazing film. best i've seen in such a long time. dominic cooper is absolutely fantastic. oscar worthy
positive,wow. is brutal. tamahori's best since the edge. performance is jaw dropping. design top notch. everybody on their a" game.
positive,just caught the movie devil's double. absolutely amazing film. highly recommend it. the acting is phenomenal.
positive,oh yea saw  last night. amazing movie. def a must see. i'm sure dominic cooper will be nominated for it.
positive,recommeding movie .  beautifully done.
positive, 3: just pure epicness. best of the 3 and best special effects ever! #wow #epic
positive, = 2 hours and 27 mins of orgasmic pleasure!
positive,i feel like watching  :s that movie is the shit. great storyline and action scenes
positive,wow is another word of incredible, cool, awesome, amazing, remarkable, masterpiece, etc. for 
positive, in 3d really worth every penny!
positive, is fucking freaky awesome!!!
positive, really insane fx! love it!
positive, the best movie that ever i watched :3 . really,damn
positive, is freaking awesome (?-??)
positive, was ...awkwardly awesome xd
positive,no words can describe the awesomeness of !
positive, is the greatest movie, i've ever watch.... (y)
positive,just done watching . i wonder if there's any movie that can beat this one? best movie ever made 'till this very second.
positive, totally awesome!!
positive,, the best visual effect i've ever see. i love this film so muchhhhhh!!!!!!
positive,just saw horrible  bosses. so funny! defo cheered me up! :)
positive,thoroughly enjoyed escaping the heat by watching "." def one of the funniest movies i've seen in a long time!
positive,"" was to funny! i must see that movie again! to funny!!!
positive, is fucking hilarious !!!!! haven't laughed that hard ever !!!! #bestmovie
positive,holy dicks..  is funny as fuck!!!
positive, was everything i hoped for and wanted and more. if i can just keep charlie day forever, that'd be great, thanks!
positive,i wanna watch  again
positive,watching  now that's some funny shitt!! lmfao....
positive,4 thumbs up to , too fuckin funny
positive,home, was at abc watched '' waw i love this movie, it's so funny. had a great time w/ rinade, assil, sara & perla (: ?
positive,'' was really funny, like really funny. go see it.
positive, was so effing funny!!!
positive,i love this movie " " #toofunny ! omd my stomach hurts.
positive, has got to be one of the funniest movies ive ever seen :)  #lmao
positive,omg!!  is awesome. omg!!! i can't believe i waited this long to watch the movie.
positive,went to the cinema today with some good friends and we watch . omg so pretty funny movie. we laught so much together. i love
positive,ha..ha..ha..ho..ho..ho.. :d awesomely cool
positive, is awesome #fact
positive,going to see  again! such a good film :)
positive,actually just nearly died laughing at - hilarious! love
positive,watched  today :) is really a great show
positive, was exceptionally brilliant.
positive, was fucking nice please .
positive,'' - one hell of a movie... worth watching.
positive,finished watchin .. and i gotta say, its a hell of a movie xd
positive, is an extremely funny film ,,i recommend everyone go see this film :)
positive,just saw . it was amazing. go see it. now. #doit
positive, was a damn good one
positive,two thumbs up for . exceeded my expectations, good prequel and plays beautifully on emotions.
positive,i'm happy to say  is the best movie i have ever seen.
positive, was really good... a well made film :)
positive,the  is a great movie. (finally!) reconciling great action scenes and solid content #apeswillrise
positive,the  was damn good! its always so refreshing to see great movie!
positive,went to the theater and saw .  another good action movie and again better than i thought it would be.
positive, (2011): very well done and insanely epic. most definitely my favorite film of this year so far or possibly...
positive,omg, watched "the " last night, it was amazing i love it
positive,i saw  the other day it was really good! i would totally see it again 6 ^.^
positive, was an awesome movie! throughly enjoyed myself.
positive, it was fantastic!
positive, was insane! actually loved every minute of it! <3 was too awesome, loved it.
positive, was great. awesome acting and i loved the costumes.
positive,just saw , absolutely brilliant! loved the sneak peek at the end of the movie. #marvel
positive, was incredible; brilliant fun and great performances by all
positive,back at the hotel from seeing . excellent & incredible film. definitely 5/5. #floridatrip2011
positive, was pretty tasty.
negative,just watched  the actions is crazy but the dialog reminds me of "u got served" it was terrible!
negative, is crap, really!
negative, is a terrible movie. red is an order of magnitude better in all regards.
negative,i just watched . it was a load of bullshit and seriously.... terrible.
negative,i just saw , what an utter disappointment.
negative,.. call me boring.. but found it quite boring. :s?
negative,just watched the movie... its about #facebook actually... kinda boring movie =/ boehoee!
negative,disappointing.
negative,is a very very clever film and made me love jesse eisenberg loads more, but there is no denying that it is in fact crap.
negative,just saw : superb script, beautifully directed, but a little too depressing to be entertaining. shame.
negative,one of the most boring movies since a long time (and sleep)
negative,i don't see how the same guy who writes glee wrote the screenplay for . this is terrible.
negative,so for me, is like over two hours of stuff i don't get. maybe my iq just degraded in between that 2 hours. or something.
negative, made me sleep
negative,i have never in my entire life literally slept in a theater while watching a movie, until
negative,i don't like . i think i don't have the brains to understand what the heck the movie is trying to say.
negative,sooo unexceptional. a little bit dull and way too long... not sure i can be bothered finishing the book now either..
negative,watched . renaming that movie to bored
negative,o by the way don't go see saw n 3d its super stupid it reminded me of final destination which was even more dumb
negative,i saw "" today. that was pointless. even the movies before that, had a purpose. -.- this one was shit, and just plain gross.
negative,omg went to watch  like ewww.. was way more ewww then it evert could be.. i didnt like the film... n im a horror fanatic! lol
negative, tonight. i'm just stoked i'll never have to see another saw movie
negative, is just disgusting made me actually feel so sick lol!
negative, was disappointing
negative, sucked. just a little blood spatter w/ 3d..cmon give me body parts..something....game over.
negative,btw whoever made  is a twisted individual & needs help asap! what a fucked up movie! lol never seen any saw movies before & never will
negative,regarding : evil i can stand, but stupidity, lack of style and story on such a high level should be illegal.
negative,oh yh  worst 3d movie ever didn't need the glasses :-/ nice twist at the end but that's about it. disappointed :(
negative,was hoping  would actually wrap up the series.  instead it failed to answer so many questions from previous films, and raised more
negative, was wack asab fucking terrible smh
negative,lol havent tweeted in a while... s'up peeps?? :p went to see  last night.... never again... way to gory :p x
negative,i went to see  again. i hate that movie. it's such a mistake.
negative,i seen  last night, it was nasty as shitt
negative, is one disgustin movie....seriously how do ppl come up with that kinda shit. good ending tho...
negative,seen ....sick and not in that good way but better than what i was expecting, seen the ending 4 saw films ago...3d was good though
negative,so, i watched  last night. didn't realise it was a comedy. poor. one star.
negative,this is my advice to you : don't watch  .. it's sooo boring . actually i don't like it .. part 1 was better than part 2
negative,just watched  thought the first one was bad the second one even worse that's 85mins of my life  i'll never get back
negative, is just as bad as the first one |: except funnier (:
negative, was boring.
negative,= horrible.  firstone was better. two thumbs down. #teamfollowback.
negative,ate pizza & sushi just now! unagi!! woohoo. sucks! the king of fighters toooooooooo! -__- waste of time & money.
negative, was fucking stupid ; not even scary .
negative,if u havent seen paranormal activity yet, i suggest u dont. not cuz it's too scary. it just sucks. 2 hours of ur life u'll never get back.
negative, is the worst movie ever created! that was a waste of time n money!
negative, is sooooo boring :s
negative,well that was awful. don't see ! well jumpy, had me friggin on the edge for the whole thing!
negative,saw  yesterday, regretted that i saw it on cinema. horrible.
negative, is full jokes, what a shit film!
negative,went to watch the movie # today. what a bag of shit! its so bad you feel bad for the cast who took part in making that shit flick
negative, is quite possibly the shittest movie ive seen in a very long time. awful. the director needs to apologise to all who have seen it!
negative, is a terrible movie. just so you movie-goers know.
negative,# the movie.... speechless from terrible movie making.
negative, is easily the worst film of the year for me, although it made me laugh more than any film this year too.
negative,. my review. what. the. hell?
negative,'' is the worst movie i've seen in years. so wooden. in fact the last time i saw this much wood was at a ron jeremy convention.
negative,movie  was not what i expected. didn't like it much. cannot recommend it.
negative, is one of the worst films i have ever seen we laughed all the way thru
negative, is not worth seeing i have nothing good to say about it
negative,# was quite disappointing. visual effects 5/5, everything else 1/5.
negative, movie isn't the best sci-fi movie. i got bored watching this one, luckily i didn't watch it on the big screen.
negative, looks like shit...just had to put it out there. and they had an awful cast.
negative,thoughts on .1: complete waste of 3 hours of my life.
negative, - part 1 was really, really bad. then again most hp movies have been.
negative,disappointed in  pt1. i hate david yates. was still okay to watch, but damnit when will the story ever be right in the movies?
negative,what the hell is wrong with cinema today? looks god awful. an unmanned train? with 8 carriages of chemicals on on it?#bbcfilm2010
negative,don't go see . it was awful. the only thing making it bearable was watching chris pine! he is a dream!!!
negative,the film '' with cher and christina aguilera doesn't look exciting at all - i wouldn't  even spend money on buying it on pirate dvd
negative,the film '' with cher and christina aguilera doesn't look exciting at all - i wouldn't  even spend money on buying it on pirate dvd
negative,warrior's way was horrible, we didn't even stay in the cinema for an hour
negative, was damn near another version of kill bill....i shud kick his ass 4 choosin dat retarded movie lol
negative,says that the movie  is strange, but not entertaining and it's disappointing
negative,no, i didn't like "." too much scott pilgrim in my cowboy ninja movie. some good stuff, too much bad stuff.
negative, almost got into so bad it's good territory, but ended up being the worst film i've seen in ages. rush & huston = ashamed
negative,warrior's way was a complete mess of a film, btw. had some exciting moments at the climax, but everything else was just a mess.
negative, was awful.
negative, was the worst movie i have ever seen.
negative,'' was dumb and a total bollywood movie in a bad way
negative,'' is not my favorite movie, kind of wish i did not see it :( :(
negative,yesterday i went to alegro to the cinema to watch "" and i didn't like it at all, as i thought, a cheap imitation of "the hangover"
negative, wasn't all that! afew funny bits here and there but overall i'd rate it pretty poorly.
negative,the  (d-/24): sadly, it's just badly conceived and dull rather than amusingly terrible. also, stop the 3d scam.
negative,watching the .... first movie of many today. it's terrible,
negative,'': hide your children from this nightmare
negative,there's a part of me that wants to see the  just to see how freaking godawful it is.
negative, was not a good movie... tyler took dramatic to the furthest level of #toomuch ....
negative,just seen ... that shit was depressing smh
negative,totally unrelated, but  sucks.
negative,what a waste of time '' is. woodyallensque look at love, with shallow characters and fully clothed freida!
negative,how is "" still playing?? it wasn't that good. so many other things out now -why waste a screen?
negative, was one of the most ridiculous movies i've ever seen.
negative,just went to see . it was shit. so unhappy. so heather took me for a mcdonalds to make me happy.
negative, was such a confusing film
negative,just saw . major disappointment. plot was ridiculous.
negative,seen  yesterday movie sucks. walked out half way threw the movie.
negative,went to see ...rubbish ending. back in time for the end of the apprentice...very pleased with the decisions!
negative, is so fucking dumb. so stupid omg.
negative, - thuddingly old-fashioned and predictable, somewhat redeemed by star power. 4
negative,at da cinema watching  and it is fucking shit... can't believe i was talked into watching this film.. dam chick looool
negative,- a little soft, a tad predictable.. verdict- save your money.
negative, - 6 - totally disposable, but a much smarter version of the realllly bad action-espionage-comedyish movies we've seen.
negative,the film "tourist" was quite boring. the only thing good about it was the scenary.
negative,just seen , bit pointless.
negative,depp sucked!!
negative, is awful
negative, is sick, have to go to venice before it sinks
negative, is such a retarded film, 
negative,went to see  today, pretty shit film 
negative,so  was like the worst movie i ever saw all the horses  died:(
negative, was a major disappointment.
negative,i just saw  and i'd have to say it was not my favorite movie
negative,..don't do it. possibly the worst film in history. jack loved it!!!!
negative,oh god  is possibly the best movie i've ever seen
negative,just saw ... it was boring... lol
negative,finally saw  legacy today.. im bit disappointed..hmm.. am i the only one ?
negative,i give  a 10 in style, 8.5 in music and 2 in execution. they butchered the  character :(. i admit i am generally disappointed.
negative, isn't great.. a little pointless.
negative, may be the worst, most vulgar, most pathetic and least funny picture of the year
negative,sidenote:  was not that good. it wasn't even about the little fuckers they were just there, like a bad odor
negative,#sigh the  film was actually a huge let down...i laufed maybe 2 or 3 times...
negative,this movie "the  is extra dumb
negative,well  bad film... but the real entertainment comes now with the gooners securing 3 points
negative, worst film total shite want my money back, wank.
negative,the  = hella dumb . waste of time .
negative,do not, i repeat. do not go and see . i actually almost fainted in the cinema |:
negative,that film  looks so fucking dumb.
negative,so now in cinema watching . worst film i've ever seen. it's painful to watch. i feel sick. can't even touch my pic and mix
negative, is one of the worst movies i've seen! #randomme
negative, was wack as f*ck. so disappointed.
negative,my brothers diecast  ring isn't as good as i thought it would be.
negative,my diecast  ring is pretty badass.
negative,well,  wasn't the worst thing ever... but it was skimming dangerously close. blake lively should never attempt acting again.
negative,damn  is one boring movie.
negative,you know i love you when... i go to see the crappy movie  a second time because you haven't seen it yet :)
negative,just came back from seeing the . i thought it was shitty. i want my money back naoo
negative,'' awful.
negative,sorry, don't know what got into me today. its like i hate  even worse this week than last week when i saw it.
negative,now that i think about it,  really wasn't that good /: they did all that advertising & promoting for no damn reason.
negative,saw . i need more than 140 characters to express my displeasure as both a fan of the character and the movie in general.
negative,the  should've stayed black wtf is marvel doing!
negative,how the hell  get a sequel for fckery, what the movie industry coming to?
negative, must be in the running for one of the worst films of all time. how can an action blockbuster be sooo boring?
negative,ok, the myth behind the  is beyond ridiculous.
negative, is a bad movie! me no like!
negative, is fucking horrible.
negative, was the worst film in the history of bad rom-coms! segel was only good thing about it. i want my money and my hours back.
negative, kinda sucked :'(
negative, is horrible. worst movie i've seen since hanna
negative,if you are thinking about going to see  stop.  waste of time. waste of money. if only i could get a refund for my time.
negative, was fucking terrible. justin timberlake and jason segal were the best parts of the movie. why did i see this movie...#fuckthat
negative, was fucking horrible -_-
negative,i saw  last night. worst movie i have ever seen in my damn life. i give it a 1 out of 10
negative,was kinda dissapointed by  :(apparently  is shit. i'm so sad
negative, suck ass so bad id rather bih in a 530 to 8 class
negative," has received generally mixed to negative reviews from film critics." d: i knew it. pixar, what has become of you?
negative,seriousally disappointed in .
negative,what do you mean by ""? they made a sequel out of their shittiest movie and made it even shittier? no one is that stupid.
negative, is boring.
negative,... #awful
negative,i just watched the ....not funny, i'm sorry........
negative,saw  what an aweful movie waste of a few hours of my life
negative, really sucked #whataletdown
negative,? hangover poo more like. didn't laugh once!
negative, dumbest movie eva
negative,jus saw the hangover part 2 ..iwouldn't recommend it
negative,the  - bad film, good aircon. 1h42m well killed. #fb
negative,bout to blaze up! #kush #weed...damn i gotta xanex hangover!! btw  sucks ass!!!!! don't waste your money!!!!
negative,they said that the  was dumb
negative, is the worst movie ever made. you. do. not. cheat. with. your. bff's. fiance. #sick #plaguetownwasbetter
negative, was a stupid movie. it was stupid. don't watch it. just don't. #teamkrasinski
negative, is the worst movie i have ever seen.
negative,......boring!*
negative,lazy sunday for me today,went to watch  yesterday and i was a bit disappointed...<\3
negative,just finished watching ...all these movies are starting to have the same story line..what ever happened to originality???
negative,just saw  and it sucked #worstmovieever
negative, is the worst movie ive ever seen. i dont even give it one star. left early. ridiculous. #partytime
negative,i'm not going to say that the #smurfs is the worst movie ever... well, yeah, i am going to say that. #pleasegodmakeitend
negative, movie was ok... i got bored before it ended.
negative,got to say the new smurfs movie is pretty poor
negative,in the middle of  movie.  it's horrible.
negative,# sucks.... and i love kevin james. sorry buddy, not your best movie.
negative,watching . movie seems a lil lame so far. i never been a movie person anyway.smh. o_0
negative,, however, is just a pile of predictable bollocks... #doublefeaturefriday
negative,watched the  tonight...didn't like it...slow i felt.
negative,the  was more like the lookeeper, absolute crap!
negative,the . seriously, wtf?? need me some holy water 2 wash off the sh*t pile thrown at my eyes! jeeeezuusss it stings!
negative,ugh...  morning breath so bad this am like i sucked off kevin james...  yeah ... that bad. :/
negative,dis movie  really dumb as shit lls
negative, what a pointless film
negative,this  movie is kinda boring me
negative, was ehhhh...very slow movie
negative, was the worst movie ever lmao.
negative, was such a drag, full of stops and sputters. could have been 65 minutes long & had just as much impact (& been better).
negative, was mehhh.  went in with low expectations and was still underwhelmed.
negative,just saw . verdict? don't waste your money.
negative, looks very shit.
negative, #sucked
negative,as the movie progressed...it jus got dumb as shit...smh
negative,and boredom . saw it yesterday what garbage . daniel craig looked sickly and malnourished
negative,#nw ,shit kinda weak
negative,waste of time & $12 ticket!
negative,good way to waste 2 hours on a sunday.
negative,i usually like these kinds of movies but was not that good
negative,just say no to:, it ain't. poor story, slow paced, poor editing & disappointing performances from good actors?
negative,i fell asleep in theatre watching last night.
negative, is a terrible movie
negative,this boredom is next level...might actually give in n watch .
negative,saw the film .......the film was really really bad... so if you want to watch it isn'n exciting!!
negative,the  is a great franchise, deserved a better movie.
negative,my 5th attempt to watch ..that movie sucks mehn!!!:|
negative,bloody he'll  was a let down.. though emerald knights was better
negative,...so not gonna pay for that.
negative,dunno if its just me but #monte-carlo is a †?dead?† movie
negative,lol i watched  it was sooooooo boring tbh like lizzie mcguire for life
negative,watching ..yeah, i'm bad at finding movies.
negative,wtf??? i can't watch  where i live. -_- most stupid movie theater ever! they didn't even show the last song there last year.
negative,went to see . was quite disappointed. :(
negative,? just awful. sorry t hanks. and who reps ? she gets more unlikeable w/ every film choice.
negative,just watched ..left me a little disappointed.well,the ending is really predictable, clichéd, and a bit rushed if you ask me
negative, is such a disappointment of a movie. so boring. i expected more from you, .
negative,saw  this eve...had higher hopes. felt diluted. but frivolous.
negative,'' is just way way too cheesy....and stereotypical :(
negative,you know what looks like a terrible movie? . i hate  #poortomhanks
negative,just walked out of a film for the first time since police academy 5: assignment miami beach.  dear god but  is unwatchable.
negative, was boring.
negative, sucked!
negative,wanted to watch  with the guys but the quality of the movie was horrible!
negative, was terrible. it is not acceptable to use the "r" word to make fun of people w/idd.
negative, was a really bad movie......
negative, was a dumb movie. don't go see it. . .
negative,  its a wack movie
negative,oooh i seen this movie called  ...i loved it!! dope! i recommend a go see
negative,two disappointments today: 1. was terrible 2. watch , not so good.
negative, was a disappointment. scarface aesthetics, little conflict ultimately, and too many plot holes.
negative, = 6.5. disappointing after such a great trailer. boring at times.
negative,saw  last night. wow what a bad movie. i think i saw some people walk out. skip it!
negative,"" big disappointment. the contemporary side of the story was an awful clunker, and hugh jackman? awkward..
negative,saw movie,... poor adaption of such a beautiful novel. i suppose i shouldn't have been suprised, and yet i was.
negative,dear : please end soon, i'm bored, and this is taking way longer than necessary. kthanksbye
negative,just watched ,very disappointed with the film seemed a miss mash of fighting setpieces,poor by bay standards
negative, such a boredom or was i just sleepy? *yawning*
negative, (n) no comment , too bad from a star like :') «/3
negative, = horrible losses of my precious time
negative,i really can't pay to go see . not my kind of movie.
negative, is such a crude movie #wasteofmoney
negative, is a horrible movie. and the voice of that dale character irritated me. it sucked
negative,so yeah...  is awful. it got one laugh, but it passed two hours. #everycloud
negative,"" is truly horrible.  i mean truly horribly funny.  truly.
negative,. kinda disappointing. :/
negative,the  was not very good. :/ 
negative,hands down.
negative,soooo yesterday i went to the movies and the movie sucked. i was . i was like.. no way its over yet & it ended
negative,a bad ending dissapointed
negative, is long and drawn out. sigh. i thought it would be better than that
negative, was pretty boring..
negative,just saw . one of the worst films ive ever seen. and if your a skinny guy on a first date i wouldnt recommend it. ab-central.
negative, is a little cliche
negative, had a terrible ending. #theydontgettodance
negative, - possibly the worst film i've ever seen!!! and £8 for a student!?!? taking advantage of the poor i think!!!
negative,back from  screening... such a horrible movie. plus, the 3d is a joke, 85% of the movie is "flat".
negative,im kinda glad i didnt go to the movies to see , its not all tht good -___-
negative, is sucks. i don't understand wtf is the hero doing......
negative,just back from cinema went to see  as i thought it was crap.
negative,they made  into a movie worst comic hero ever!
negative,don't waste your $ on  movie its only the beginning with no real ending but shaft makes a cameo for 20 seconds
negative,watching .. pretty shite so far like
negative,i forgot to tweet how i found  to be dope.
negative,took my brother and his friend to see . had a nice little nap. it was so boring i couldn't stay awake. i hate it.
negative,just saw  was a bit disappointing actually
negative,, was such a sad movie :'( trololololol
negative, was terrible!
negative,what ''. number one was utter toilet. who on earth funds this manure?
negative, is sooo disgusting!
negative, is disgusting, never ever watch it!
negative,was kinda shit -.-'
negative, = stupid. just doing their best to shock everyone with ridiculous 3d deaths...this shouldn't even be called a movie...
negative, was so stupid i'm mad
negative, was fucking horrible
negative, lazy, cynical, boring garbage.
negative, was really corny..
negative,: more scary crap
negative,absolutely awful.
negative, was probably the stupidest movie ever.
negative,: just as stupid as you would imagine... wait for it to come out on video.
negative,-  holy horrible. let me get that 10.25 back please.
negative, was a terrible movie
negative, i don't recommend it.
negative, was rather average #disappointment
negative,wasted my time watching "" a short unfunny comedy that felt like an eternity to watch. no stars
negative,don't listen to what you hear,  is freaking terrible
negative,thief!! give me my money back! and the time you stole from me, you bastard
negative, bad movie.
negative,do not, i repeat, do not go see 30:minutes or less. #notfunny #worstmovieever #walkedoutaftertenminutes #sawcaptainamericainstead
negative,do not see . dumbest movie ever. #30mol
negative,bad ass actor, but i genuinely believe that will be an epic fail.
negative,movie was cheesy.
negative,wow the new  looks  like a  pile of shit
negative,i gave this movie 1 out of 5.
negative,couldn't feel it cause all the bad acting.
negative,was a crappy movie.